mode,fs,operation,iter_no,time_sec
native,source,open,1,0.000004997
native,source,open,2,0.000005496
native,source,open,3,0.000004611
native,source,open,4,0.000005940
native,source,open,5,0.000004582
native,source,open,6,0.000005410
native,source,open,7,0.000005756
native,source,open,8,0.000007410
native,source,open,9,0.000004029
native,source,open,10,0.000004527
native,source,open,11,0.000004570
native,source,open,12,0.000005222
native,source,open,13,0.000004761
native,source,open,14,0.000004990
native,source,open,15,0.000004285
native,source,open,16,0.000005499
native,source,open,17,0.000005503
native,source,open,18,0.000005110
native,source,open,19,0.000005731
native,source,open,20,0.000005397
native,source,open,21,0.000005139
native,source,open,22,0.000004314
native,source,open,23,0.000004577
native,source,open,24,0.000005378
native,source,open,25,0.000008923
native,source,open,26,0.000004816
native,source,open,27,0.000004493
native,source,open,28,0.000004261
native,source,open,29,0.000005365
native,source,open,30,0.000005878
native,source,open,31,0.000004000
native,source,open,32,0.000005028
native,source,open,33,0.000004841
native,source,open,34,0.000007974
native,source,open,35,0.000004810
native,source,open,36,0.000004564
native,source,open,37,0.000004409
native,source,open,38,0.000005679
native,source,open,39,0.000005152
native,source,open,40,0.000004717
native,source,open,41,0.000004476
native,source,open,42,0.000004621
native,source,open,43,0.000004447
native,source,open,44,0.000005834
native,source,open,45,0.000005311
native,source,open,46,0.000004409
native,source,open,47,0.000005371
native,source,open,48,0.000005538
native,source,open,49,0.000004467
native,source,open,50,0.000004515
native,source,read,1,0.000015897
native,source,read,2,0.000003648
native,source,read,3,0.000002660
native,source,read,4,0.000003418
native,source,read,5,0.000002811
native,source,read,6,0.000002724
native,source,read,7,0.000002693
native,source,read,8,0.000003020
native,source,read,9,0.000002741
native,source,read,10,0.000003130
native,source,read,11,0.000002627
native,source,read,12,0.000003044
native,source,read,13,0.000003002
native,source,read,14,0.000002862
native,source,read,15,0.000002856
native,source,read,16,0.000002723
native,source,read,17,0.000002808
native,source,read,18,0.000002751
native,source,read,19,0.000003050
native,source,read,20,0.000003398
native,source,read,21,0.000002655
native,source,read,22,0.000002437
native,source,read,23,0.000014768
native,source,read,24,0.000002618
native,source,read,25,0.000002560
native,source,read,26,0.000003301
native,source,read,27,0.000002874
native,source,read,28,0.000002880
native,source,read,29,0.000002801
native,source,read,30,0.000002584
native,source,read,31,0.000002464
native,source,read,32,0.000003345
native,source,read,33,0.000002730
native,source,read,34,0.000002430
native,source,read,35,0.000002748
native,source,read,36,0.000002652
native,source,read,37,0.000004043
native,source,read,38,0.000002840
native,source,read,39,0.000003495
native,source,read,40,0.000002961
native,source,read,41,0.000002714
native,source,read,42,0.000002737
native,source,read,43,0.000002853
native,source,read,44,0.000004159
native,source,read,45,0.000003750
native,source,read,46,0.000002936
native,source,read,47,0.000003423
native,source,read,48,0.000002613
native,source,read,49,0.000002610
native,source,read,50,0.000003740
native,source,write,1,0.000098430
native,source,write,2,0.000019787
native,source,write,3,0.000016192
native,source,write,4,0.000017577
native,source,write,5,0.000020794
native,source,write,6,0.000017001
native,source,write,7,0.000019036
native,source,write,8,0.000021271
native,source,write,9,0.000019144
native,source,write,10,0.000017739
native,source,write,11,0.000020798
native,source,write,12,0.000036396
native,source,write,13,0.000014960
native,source,write,14,0.000018340
native,source,write,15,0.000021298
native,source,write,16,0.000017265
native,source,write,17,0.000018405
native,source,write,18,0.000019771
native,source,write,19,0.000018321
native,source,write,20,0.000019831
native,source,write,21,0.000020864
native,source,write,22,0.000019487
native,source,write,23,0.000017042
native,source,write,24,0.000020089
native,source,write,25,0.000017296
native,source,write,26,0.000017822
native,source,write,27,0.000016641
native,source,write,28,0.000037249
native,source,write,29,0.000017231
native,source,write,30,0.000024480
native,source,write,31,0.000019901
native,source,write,32,0.000018816
native,source,write,33,0.000016445
native,source,write,34,0.000017675
native,source,write,35,0.000016392
native,source,write,36,0.000020089
native,source,write,37,0.000039037
native,source,write,38,0.000020205
native,source,write,39,0.000006999
native,source,write,40,0.000020509
native,source,write,41,0.000020345
native,source,write,42,0.000017598
native,source,write,43,0.000015887
native,source,write,44,0.000021440
native,source,write,45,0.000017151
native,source,write,46,0.000020070
native,source,write,47,0.000018799
native,source,write,48,0.000024676
native,source,write,49,0.000026499
native,source,write,50,0.000019092
native,source,getattr,1,0.000001495
native,source,getattr,2,0.000001519
native,source,getattr,3,0.000001667
native,source,getattr,4,0.000001482
native,source,getattr,5,0.000001456
native,source,getattr,6,0.000002178
native,source,getattr,7,0.000001629
native,source,getattr,8,0.000001923
native,source,getattr,9,0.000001428
native,source,getattr,10,0.000001612
native,source,getattr,11,0.000001343
native,source,getattr,12,0.000001542
native,source,getattr,13,0.000001536
native,source,getattr,14,0.000001441
native,source,getattr,15,0.000001418
native,source,getattr,16,0.000001477
native,source,getattr,17,0.000001431
native,source,getattr,18,0.000001482
native,source,getattr,19,0.000001507
native,source,getattr,20,0.000001498
native,source,getattr,21,0.000001648
native,source,getattr,22,0.000001355
native,source,getattr,23,0.000001548
native,source,getattr,24,0.000001383
native,source,getattr,25,0.000001435
native,source,getattr,26,0.000001518
native,source,getattr,27,0.000001533
native,source,getattr,28,0.000001391
native,source,getattr,29,0.000001708
native,source,getattr,30,0.000002353
native,source,getattr,31,0.000001381
native,source,getattr,32,0.000001546
native,source,getattr,33,0.000001410
native,source,getattr,34,0.000001439
native,source,getattr,35,0.000001536
native,source,getattr,36,0.000001426
native,source,getattr,37,0.000001739
native,source,getattr,38,0.000001300
native,source,getattr,39,0.000001430
native,source,getattr,40,0.000001577
native,source,getattr,41,0.000001491
native,source,getattr,42,0.000001538
native,source,getattr,43,0.000001482
native,source,getattr,44,0.000001410
native,source,getattr,45,0.000001462
native,source,getattr,46,0.000001583
native,source,getattr,47,0.000001552
native,source,getattr,48,0.000001416
native,source,getattr,49,0.000001626
native,source,getattr,50,0.000001463
fuse_passthrough,fuse,open,1,0.000439666
fuse_passthrough,fuse,open,2,0.000334175
fuse_passthrough,fuse,open,3,0.000348075
fuse_passthrough,fuse,open,4,0.000275484
fuse_passthrough,fuse,open,5,0.000249484
fuse_passthrough,fuse,open,6,0.000247662
fuse_passthrough,fuse,open,7,0.000349908
fuse_passthrough,fuse,open,8,0.000365938
fuse_passthrough,fuse,open,9,0.000363718
fuse_passthrough,fuse,open,10,0.000392782
fuse_passthrough,fuse,open,11,0.000396416
fuse_passthrough,fuse,open,12,0.000378773
fuse_passthrough,fuse,open,13,0.000511052
fuse_passthrough,fuse,open,14,0.000470606
fuse_passthrough,fuse,open,15,0.000339222
fuse_passthrough,fuse,open,16,0.000376982
fuse_passthrough,fuse,open,17,0.000406294
fuse_passthrough,fuse,open,18,0.000370446
fuse_passthrough,fuse,open,19,0.000286468
fuse_passthrough,fuse,open,20,0.000328694
fuse_passthrough,fuse,open,21,0.000384221
fuse_passthrough,fuse,open,22,0.000348170
fuse_passthrough,fuse,open,23,0.000427528
fuse_passthrough,fuse,open,24,0.000436552
fuse_passthrough,fuse,open,25,0.000327944
fuse_passthrough,fuse,open,26,0.000258528
fuse_passthrough,fuse,open,27,0.000376482
fuse_passthrough,fuse,open,28,0.000236343
fuse_passthrough,fuse,open,29,0.000374477
fuse_passthrough,fuse,open,30,0.000309900
fuse_passthrough,fuse,open,31,0.000322883
fuse_passthrough,fuse,open,32,0.000440117
fuse_passthrough,fuse,open,33,0.000336893
fuse_passthrough,fuse,open,34,0.000349535
fuse_passthrough,fuse,open,35,0.000328061
fuse_passthrough,fuse,open,36,0.000343370
fuse_passthrough,fuse,open,37,0.000296177
fuse_passthrough,fuse,open,38,0.000471787
fuse_passthrough,fuse,open,39,0.000391981
fuse_passthrough,fuse,open,40,0.000369594
fuse_passthrough,fuse,open,41,0.000431071
fuse_passthrough,fuse,open,42,0.000456132
fuse_passthrough,fuse,open,43,0.000343286
fuse_passthrough,fuse,open,44,0.000411514
fuse_passthrough,fuse,open,45,0.000123911
fuse_passthrough,fuse,open,46,0.000422595
fuse_passthrough,fuse,open,47,0.000446759
fuse_passthrough,fuse,open,48,0.000339518
fuse_passthrough,fuse,open,49,0.000290255
fuse_passthrough,fuse,open,50,0.000459157
fuse_passthrough,fuse,read,1,0.000154987
fuse_passthrough,fuse,read,2,0.000163867
fuse_passthrough,fuse,read,3,0.000148135
fuse_passthrough,fuse,read,4,0.000206638
fuse_passthrough,fuse,read,5,0.000107557
fuse_passthrough,fuse,read,6,0.000182582
fuse_passthrough,fuse,read,7,0.000173750
fuse_passthrough,fuse,read,8,0.000191046
fuse_passthrough,fuse,read,9,0.000159427
fuse_passthrough,fuse,read,10,0.000205794
fuse_passthrough,fuse,read,11,0.000188554
fuse_passthrough,fuse,read,12,0.000126752
fuse_passthrough,fuse,read,13,0.000145131
fuse_passthrough,fuse,read,14,0.000144982
fuse_passthrough,fuse,read,15,0.000156124
fuse_passthrough,fuse,read,16,0.000053384
fuse_passthrough,fuse,read,17,0.000127198
fuse_passthrough,fuse,read,18,0.000069188
fuse_passthrough,fuse,read,19,0.000056369
fuse_passthrough,fuse,read,20,0.000132609
fuse_passthrough,fuse,read,21,0.000055273
fuse_passthrough,fuse,read,22,0.000063567
fuse_passthrough,fuse,read,23,0.000134162
fuse_passthrough,fuse,read,24,0.000117501
fuse_passthrough,fuse,read,25,0.000148055
fuse_passthrough,fuse,read,26,0.000136439
fuse_passthrough,fuse,read,27,0.000173866
fuse_passthrough,fuse,read,28,0.000129162
fuse_passthrough,fuse,read,29,0.000127576
fuse_passthrough,fuse,read,30,0.000164437
fuse_passthrough,fuse,read,31,0.000151882
fuse_passthrough,fuse,read,32,0.000118025
fuse_passthrough,fuse,read,33,0.000157045
fuse_passthrough,fuse,read,34,0.000120043
fuse_passthrough,fuse,read,35,0.000139852
fuse_passthrough,fuse,read,36,0.000162503
fuse_passthrough,fuse,read,37,0.000191964
fuse_passthrough,fuse,read,38,0.000157148
fuse_passthrough,fuse,read,39,0.000133716
fuse_passthrough,fuse,read,40,0.000171691
fuse_passthrough,fuse,read,41,0.000152945
fuse_passthrough,fuse,read,42,0.000102309
fuse_passthrough,fuse,read,43,0.000189605
fuse_passthrough,fuse,read,44,0.000151955
fuse_passthrough,fuse,read,45,0.000128479
fuse_passthrough,fuse,read,46,0.000077111
fuse_passthrough,fuse,read,47,0.000098060
fuse_passthrough,fuse,read,48,0.000165725
fuse_passthrough,fuse,read,49,0.000231802
fuse_passthrough,fuse,read,50,0.000134040
fuse_passthrough,fuse,write,1,0.000374329
fuse_passthrough,fuse,write,2,0.000209561
fuse_passthrough,fuse,write,3,0.000180595
fuse_passthrough,fuse,write,4,0.000154303
fuse_passthrough,fuse,write,5,0.000160069
fuse_passthrough,fuse,write,6,0.000174503
fuse_passthrough,fuse,write,7,0.000107822
fuse_passthrough,fuse,write,8,0.000190841
fuse_passthrough,fuse,write,9,0.000122196
fuse_passthrough,fuse,write,10,0.000170901
fuse_passthrough,fuse,write,11,0.000070370
fuse_passthrough,fuse,write,12,0.000139032
fuse_passthrough,fuse,write,13,0.000143748
fuse_passthrough,fuse,write,14,0.000070412
fuse_passthrough,fuse,write,15,0.000072226
fuse_passthrough,fuse,write,16,0.000143496
fuse_passthrough,fuse,write,17,0.000063708
fuse_passthrough,fuse,write,18,0.000199656
fuse_passthrough,fuse,write,19,0.000154211
fuse_passthrough,fuse,write,20,0.000176812
fuse_passthrough,fuse,write,21,0.000131728
fuse_passthrough,fuse,write,22,0.000071159
fuse_passthrough,fuse,write,23,0.000123610
fuse_passthrough,fuse,write,24,0.000108263
fuse_passthrough,fuse,write,25,0.000205951
fuse_passthrough,fuse,write,26,0.000135859
fuse_passthrough,fuse,write,27,0.000205146
fuse_passthrough,fuse,write,28,0.000218101
fuse_passthrough,fuse,write,29,0.000114038
fuse_passthrough,fuse,write,30,0.000170937
fuse_passthrough,fuse,write,31,0.000183993
fuse_passthrough,fuse,write,32,0.000196407
fuse_passthrough,fuse,write,33,0.000237703
fuse_passthrough,fuse,write,34,0.000204101
fuse_passthrough,fuse,write,35,0.000103301
fuse_passthrough,fuse,write,36,0.000160163
fuse_passthrough,fuse,write,37,0.000236560
fuse_passthrough,fuse,write,38,0.000281247
fuse_passthrough,fuse,write,39,0.000175342
fuse_passthrough,fuse,write,40,0.000191837
fuse_passthrough,fuse,write,41,0.000198752
fuse_passthrough,fuse,write,42,0.000173047
fuse_passthrough,fuse,write,43,0.000240323
fuse_passthrough,fuse,write,44,0.000174132
fuse_passthrough,fuse,write,45,0.000205249
fuse_passthrough,fuse,write,46,0.000119987
fuse_passthrough,fuse,write,47,0.000158496
fuse_passthrough,fuse,write,48,0.000120185
fuse_passthrough,fuse,write,49,0.000203353
fuse_passthrough,fuse,write,50,0.000152947
fuse_passthrough,fuse,getattr,1,0.000004749
fuse_passthrough,fuse,getattr,2,0.000001567
fuse_passthrough,fuse,getattr,3,0.000001731
fuse_passthrough,fuse,getattr,4,0.000002185
fuse_passthrough,fuse,getattr,5,0.000001637
fuse_passthrough,fuse,getattr,6,0.000001574
fuse_passthrough,fuse,getattr,7,0.000001429
fuse_passthrough,fuse,getattr,8,0.000001402
fuse_passthrough,fuse,getattr,9,0.000001560
fuse_passthrough,fuse,getattr,10,0.000001451
fuse_passthrough,fuse,getattr,11,0.000001381
fuse_passthrough,fuse,getattr,12,0.000001575
fuse_passthrough,fuse,getattr,13,0.000001500
fuse_passthrough,fuse,getattr,14,0.000001345
fuse_passthrough,fuse,getattr,15,0.000001334
fuse_passthrough,fuse,getattr,16,0.000001495
fuse_passthrough,fuse,getattr,17,0.000001529
fuse_passthrough,fuse,getattr,18,0.000001442
fuse_passthrough,fuse,getattr,19,0.000001364
fuse_passthrough,fuse,getattr,20,0.000001326
fuse_passthrough,fuse,getattr,21,0.000001524
fuse_passthrough,fuse,getattr,22,0.000001377
fuse_passthrough,fuse,getattr,23,0.000001399
fuse_passthrough,fuse,getattr,24,0.000001432
fuse_passthrough,fuse,getattr,25,0.000001462
fuse_passthrough,fuse,getattr,26,0.000001325
fuse_passthrough,fuse,getattr,27,0.000001523
fuse_passthrough,fuse,getattr,28,0.000001405
fuse_passthrough,fuse,getattr,29,0.000001463
fuse_passthrough,fuse,getattr,30,0.000001433
fuse_passthrough,fuse,getattr,31,0.000001622
fuse_passthrough,fuse,getattr,32,0.000001530
fuse_passthrough,fuse,getattr,33,0.000001403
fuse_passthrough,fuse,getattr,34,0.000001441
fuse_passthrough,fuse,getattr,35,0.000001516
fuse_passthrough,fuse,getattr,36,0.000001409
fuse_passthrough,fuse,getattr,37,0.000001497
fuse_passthrough,fuse,getattr,38,0.000001876
fuse_passthrough,fuse,getattr,39,0.000001322
fuse_passthrough,fuse,getattr,40,0.000001411
fuse_passthrough,fuse,getattr,41,0.000001405
fuse_passthrough,fuse,getattr,42,0.000001448
fuse_passthrough,fuse,getattr,43,0.000001419
fuse_passthrough,fuse,getattr,44,0.000001451
fuse_passthrough,fuse,getattr,45,0.000001501
fuse_passthrough,fuse,getattr,46,0.000001354
fuse_passthrough,fuse,getattr,47,0.000001400
fuse_passthrough,fuse,getattr,48,0.000001563
fuse_passthrough,fuse,getattr,49,0.000003050
fuse_passthrough,fuse,getattr,50,0.000001329
fuse_rot13,fuse,open,1,0.000302186
fuse_rot13,fuse,open,2,0.000355629
fuse_rot13,fuse,open,3,0.000438629
fuse_rot13,fuse,open,4,0.000230296
fuse_rot13,fuse,open,5,0.000249283
fuse_rot13,fuse,open,6,0.000506005
fuse_rot13,fuse,open,7,0.000368739
fuse_rot13,fuse,open,8,0.000359265
fuse_rot13,fuse,open,9,0.000213346
fuse_rot13,fuse,open,10,0.000343977
fuse_rot13,fuse,open,11,0.000393346
fuse_rot13,fuse,open,12,0.000306735
fuse_rot13,fuse,open,13,0.000333941
fuse_rot13,fuse,open,14,0.000375721
fuse_rot13,fuse,open,15,0.000230131
fuse_rot13,fuse,open,16,0.000376827
fuse_rot13,fuse,open,17,0.000310397
fuse_rot13,fuse,open,18,0.000559377
fuse_rot13,fuse,open,19,0.000329271
fuse_rot13,fuse,open,20,0.000343908
fuse_rot13,fuse,open,21,0.000221869
fuse_rot13,fuse,open,22,0.000347260
fuse_rot13,fuse,open,23,0.000223139
fuse_rot13,fuse,open,24,0.000367592
fuse_rot13,fuse,open,25,0.000360641
fuse_rot13,fuse,open,26,0.000320289
fuse_rot13,fuse,open,27,0.000227725
fuse_rot13,fuse,open,28,0.000317177
fuse_rot13,fuse,open,29,0.000238608
fuse_rot13,fuse,open,30,0.000348752
fuse_rot13,fuse,open,31,0.000259386
fuse_rot13,fuse,open,32,0.000235729
fuse_rot13,fuse,open,33,0.000344093
fuse_rot13,fuse,open,34,0.000267557
fuse_rot13,fuse,open,35,0.000304635
fuse_rot13,fuse,open,36,0.000359089
fuse_rot13,fuse,open,37,0.000373721
fuse_rot13,fuse,open,38,0.000297839
fuse_rot13,fuse,open,39,0.000345519
fuse_rot13,fuse,open,40,0.000451669
fuse_rot13,fuse,open,41,0.000286593
fuse_rot13,fuse,open,42,0.000247857
fuse_rot13,fuse,open,43,0.000241181
fuse_rot13,fuse,open,44,0.000409215
fuse_rot13,fuse,open,45,0.000284127
fuse_rot13,fuse,open,46,0.000349988
fuse_rot13,fuse,open,47,0.000377275
fuse_rot13,fuse,open,48,0.000108097
fuse_rot13,fuse,open,49,0.000334344
fuse_rot13,fuse,open,50,0.000204202
fuse_rot13,fuse,read,1,0.000168056
fuse_rot13,fuse,read,2,0.000068601
fuse_rot13,fuse,read,3,0.000066148
fuse_rot13,fuse,read,4,0.000126052
fuse_rot13,fuse,read,5,0.000140230
fuse_rot13,fuse,read,6,0.000123890
fuse_rot13,fuse,read,7,0.000132402
fuse_rot13,fuse,read,8,0.000059608
fuse_rot13,fuse,read,9,0.000127323
fuse_rot13,fuse,read,10,0.000141665
fuse_rot13,fuse,read,11,0.000139088
fuse_rot13,fuse,read,12,0.000164242
fuse_rot13,fuse,read,13,0.000162070
fuse_rot13,fuse,read,14,0.000164033
fuse_rot13,fuse,read,15,0.000155502
fuse_rot13,fuse,read,16,0.000118214
fuse_rot13,fuse,read,17,0.000113714
fuse_rot13,fuse,read,18,0.000125323
fuse_rot13,fuse,read,19,0.000176300
fuse_rot13,fuse,read,20,0.000216681
fuse_rot13,fuse,read,21,0.000060928
fuse_rot13,fuse,read,22,0.000083539
fuse_rot13,fuse,read,23,0.000172660
fuse_rot13,fuse,read,24,0.000059750
fuse_rot13,fuse,read,25,0.000059225
fuse_rot13,fuse,read,26,0.000057044
fuse_rot13,fuse,read,27,0.000243585
fuse_rot13,fuse,read,28,0.000061205
fuse_rot13,fuse,read,29,0.000120186
fuse_rot13,fuse,read,30,0.000144402
fuse_rot13,fuse,read,31,0.000140191
fuse_rot13,fuse,read,32,0.000119422
fuse_rot13,fuse,read,33,0.000121669
fuse_rot13,fuse,read,34,0.000152301
fuse_rot13,fuse,read,35,0.000135846
fuse_rot13,fuse,read,36,0.000164567
fuse_rot13,fuse,read,37,0.000134565
fuse_rot13,fuse,read,38,0.000116329
fuse_rot13,fuse,read,39,0.000065364
fuse_rot13,fuse,read,40,0.000116912
fuse_rot13,fuse,read,41,0.000126769
fuse_rot13,fuse,read,42,0.000213191
fuse_rot13,fuse,read,43,0.000137686
fuse_rot13,fuse,read,44,0.000071232
fuse_rot13,fuse,read,45,0.000215027
fuse_rot13,fuse,read,46,0.000059062
fuse_rot13,fuse,read,47,0.000178756
fuse_rot13,fuse,read,48,0.000142573
fuse_rot13,fuse,read,49,0.000066249
fuse_rot13,fuse,read,50,0.000127217
fuse_rot13,fuse,write,1,0.000208043
fuse_rot13,fuse,write,2,0.000206631
fuse_rot13,fuse,write,3,0.000175319
fuse_rot13,fuse,write,4,0.000243047
fuse_rot13,fuse,write,5,0.000133850
fuse_rot13,fuse,write,6,0.000080376
fuse_rot13,fuse,write,7,0.000135383
fuse_rot13,fuse,write,8,0.000128143
fuse_rot13,fuse,write,9,0.000162767
fuse_rot13,fuse,write,10,0.000146118
fuse_rot13,fuse,write,11,0.000198644
fuse_rot13,fuse,write,12,0.000164947
fuse_rot13,fuse,write,13,0.000108772
fuse_rot13,fuse,write,14,0.000148638
fuse_rot13,fuse,write,15,0.000175363
fuse_rot13,fuse,write,16,0.000127585
fuse_rot13,fuse,write,17,0.000076398
fuse_rot13,fuse,write,18,0.000144792
fuse_rot13,fuse,write,19,0.000163438
fuse_rot13,fuse,write,20,0.000146079
fuse_rot13,fuse,write,21,0.000079543
fuse_rot13,fuse,write,22,0.000134484
fuse_rot13,fuse,write,23,0.000149128
fuse_rot13,fuse,write,24,0.000118917
fuse_rot13,fuse,write,25,0.000147892
fuse_rot13,fuse,write,26,0.000106562
fuse_rot13,fuse,write,27,0.000081348
fuse_rot13,fuse,write,28,0.000092878
fuse_rot13,fuse,write,29,0.000079857
fuse_rot13,fuse,write,30,0.000134751
fuse_rot13,fuse,write,31,0.000146979
fuse_rot13,fuse,write,32,0.000130274
fuse_rot13,fuse,write,33,0.000185841
fuse_rot13,fuse,write,34,0.000139102
fuse_rot13,fuse,write,35,0.000129525
fuse_rot13,fuse,write,36,0.000291260
fuse_rot13,fuse,write,37,0.000158506
fuse_rot13,fuse,write,38,0.000216242
fuse_rot13,fuse,write,39,0.000121938
fuse_rot13,fuse,write,40,0.000156375
fuse_rot13,fuse,write,41,0.000064354
fuse_rot13,fuse,write,42,0.000138456
fuse_rot13,fuse,write,43,0.000132596
fuse_rot13,fuse,write,44,0.000131795
fuse_rot13,fuse,write,45,0.000132865
fuse_rot13,fuse,write,46,0.000126675
fuse_rot13,fuse,write,47,0.000124156
fuse_rot13,fuse,write,48,0.000136902
fuse_rot13,fuse,write,49,0.000122085
fuse_rot13,fuse,write,50,0.000132929
fuse_rot13,fuse,getattr,1,0.000004186
fuse_rot13,fuse,getattr,2,0.000001590
fuse_rot13,fuse,getattr,3,0.000001517
fuse_rot13,fuse,getattr,4,0.000001564
fuse_rot13,fuse,getattr,5,0.000001431
fuse_rot13,fuse,getattr,6,0.000001543
fuse_rot13,fuse,getattr,7,0.000001549
fuse_rot13,fuse,getattr,8,0.000001524
fuse_rot13,fuse,getattr,9,0.000001568
fuse_rot13,fuse,getattr,10,0.000001504
fuse_rot13,fuse,getattr,11,0.000001526
fuse_rot13,fuse,getattr,12,0.000001473
fuse_rot13,fuse,getattr,13,0.000001539
fuse_rot13,fuse,getattr,14,0.000001518
fuse_rot13,fuse,getattr,15,0.000001584
fuse_rot13,fuse,getattr,16,0.000001401
fuse_rot13,fuse,getattr,17,0.000001642
fuse_rot13,fuse,getattr,18,0.000001533
fuse_rot13,fuse,getattr,19,0.000001444
fuse_rot13,fuse,getattr,20,0.000001632
fuse_rot13,fuse,getattr,21,0.000001571
fuse_rot13,fuse,getattr,22,0.000001529
fuse_rot13,fuse,getattr,23,0.000001581
fuse_rot13,fuse,getattr,24,0.000001597
fuse_rot13,fuse,getattr,25,0.000002689
fuse_rot13,fuse,getattr,26,0.000001602
fuse_rot13,fuse,getattr,27,0.000001462
fuse_rot13,fuse,getattr,28,0.000001522
fuse_rot13,fuse,getattr,29,0.000001527
fuse_rot13,fuse,getattr,30,0.000001445
fuse_rot13,fuse,getattr,31,0.000001467
fuse_rot13,fuse,getattr,32,0.000001459
fuse_rot13,fuse,getattr,33,0.000001373
fuse_rot13,fuse,getattr,34,0.000001421
fuse_rot13,fuse,getattr,35,0.000001441
fuse_rot13,fuse,getattr,36,0.000001475
fuse_rot13,fuse,getattr,37,0.000001482
fuse_rot13,fuse,getattr,38,0.000001465
fuse_rot13,fuse,getattr,39,0.000001500
fuse_rot13,fuse,getattr,40,0.000001525
fuse_rot13,fuse,getattr,41,0.000001386
fuse_rot13,fuse,getattr,42,0.000001411
fuse_rot13,fuse,getattr,43,0.000001425
fuse_rot13,fuse,getattr,44,0.000001685
fuse_rot13,fuse,getattr,45,0.000001348
fuse_rot13,fuse,getattr,46,0.000003070
fuse_rot13,fuse,getattr,47,0.000001443
fuse_rot13,fuse,getattr,48,0.000001620
fuse_rot13,fuse,getattr,49,0.000001427
fuse_rot13,fuse,getattr,50,0.000001563
fuse_uppercase,fuse,open,1,0.000330228
fuse_uppercase,fuse,open,2,0.000342122
fuse_uppercase,fuse,open,3,0.000302686
fuse_uppercase,fuse,open,4,0.000369623
fuse_uppercase,fuse,open,5,0.000263784
fuse_uppercase,fuse,open,6,0.000249075
fuse_uppercase,fuse,open,7,0.000415233
fuse_uppercase,fuse,open,8,0.000329450
fuse_uppercase,fuse,open,9,0.000359615
fuse_uppercase,fuse,open,10,0.000258889
fuse_uppercase,fuse,open,11,0.000262778
fuse_uppercase,fuse,open,12,0.000280000
fuse_uppercase,fuse,open,13,0.000388170
fuse_uppercase,fuse,open,14,0.000259844
fuse_uppercase,fuse,open,15,0.000379446
fuse_uppercase,fuse,open,16,0.000381857
fuse_uppercase,fuse,open,17,0.000434417
fuse_uppercase,fuse,open,18,0.000431733
fuse_uppercase,fuse,open,19,0.000297907
fuse_uppercase,fuse,open,20,0.000332962
fuse_uppercase,fuse,open,21,0.000422068
fuse_uppercase,fuse,open,22,0.000395700
fuse_uppercase,fuse,open,23,0.000355081
fuse_uppercase,fuse,open,24,0.000418425
fuse_uppercase,fuse,open,25,0.000487828
fuse_uppercase,fuse,open,26,0.000226722
fuse_uppercase,fuse,open,27,0.000301895
fuse_uppercase,fuse,open,28,0.000345475
fuse_uppercase,fuse,open,29,0.000459448
fuse_uppercase,fuse,open,30,0.000319637
fuse_uppercase,fuse,open,31,0.000468790
fuse_uppercase,fuse,open,32,0.000367782
fuse_uppercase,fuse,open,33,0.000275515
fuse_uppercase,fuse,open,34,0.000430169
fuse_uppercase,fuse,open,35,0.000330495
fuse_uppercase,fuse,open,36,0.000385745
fuse_uppercase,fuse,open,37,0.000404832
fuse_uppercase,fuse,open,38,0.000417939
fuse_uppercase,fuse,open,39,0.000334596
fuse_uppercase,fuse,open,40,0.000268776
fuse_uppercase,fuse,open,41,0.000419763
fuse_uppercase,fuse,open,42,0.000398796
fuse_uppercase,fuse,open,43,0.000351134
fuse_uppercase,fuse,open,44,0.000308781
fuse_uppercase,fuse,open,45,0.000487059
fuse_uppercase,fuse,open,46,0.000296723
fuse_uppercase,fuse,open,47,0.000428200
fuse_uppercase,fuse,open,48,0.000326346
fuse_uppercase,fuse,open,49,0.000265082
fuse_uppercase,fuse,open,50,0.000320983
fuse_uppercase,fuse,read,1,0.000207700
fuse_uppercase,fuse,read,2,0.000156231
fuse_uppercase,fuse,read,3,0.000064624
fuse_uppercase,fuse,read,4,0.000069465
fuse_uppercase,fuse,read,5,0.000095737
fuse_uppercase,fuse,read,6,0.000131619
fuse_uppercase,fuse,read,7,0.000064125
fuse_uppercase,fuse,read,8,0.000068045
fuse_uppercase,fuse,read,9,0.000063534
fuse_uppercase,fuse,read,10,0.000074545
fuse_uppercase,fuse,read,11,0.000099778
fuse_uppercase,fuse,read,12,0.000183353
fuse_uppercase,fuse,read,13,0.000065409
fuse_uppercase,fuse,read,14,0.000089477
fuse_uppercase,fuse,read,15,0.000126523
fuse_uppercase,fuse,read,16,0.000166575
fuse_uppercase,fuse,read,17,0.000136506
fuse_uppercase,fuse,read,18,0.000065745
fuse_uppercase,fuse,read,19,0.000143560
fuse_uppercase,fuse,read,20,0.000152858
fuse_uppercase,fuse,read,21,0.000070643
fuse_uppercase,fuse,read,22,0.000120410
fuse_uppercase,fuse,read,23,0.000069975
fuse_uppercase,fuse,read,24,0.000128960
fuse_uppercase,fuse,read,25,0.000065568
fuse_uppercase,fuse,read,26,0.000149758
fuse_uppercase,fuse,read,27,0.000118860
fuse_uppercase,fuse,read,28,0.000209956
fuse_uppercase,fuse,read,29,0.000170318
fuse_uppercase,fuse,read,30,0.000143826
fuse_uppercase,fuse,read,31,0.000063025
fuse_uppercase,fuse,read,32,0.000133216
fuse_uppercase,fuse,read,33,0.000063963
fuse_uppercase,fuse,read,34,0.000070698
fuse_uppercase,fuse,read,35,0.000138349
fuse_uppercase,fuse,read,36,0.000068651
fuse_uppercase,fuse,read,37,0.000119089
fuse_uppercase,fuse,read,38,0.000205401
fuse_uppercase,fuse,read,39,0.000089355
fuse_uppercase,fuse,read,40,0.000150174
fuse_uppercase,fuse,read,41,0.000104364
fuse_uppercase,fuse,read,42,0.000124090
fuse_uppercase,fuse,read,43,0.000152375
fuse_uppercase,fuse,read,44,0.000137319
fuse_uppercase,fuse,read,45,0.000177433
fuse_uppercase,fuse,read,46,0.000064512
fuse_uppercase,fuse,read,47,0.000164193
fuse_uppercase,fuse,read,48,0.000238722
fuse_uppercase,fuse,read,49,0.000141642
fuse_uppercase,fuse,read,50,0.000141128
fuse_uppercase,fuse,write,1,0.000321038
fuse_uppercase,fuse,write,2,0.000197612
fuse_uppercase,fuse,write,3,0.000241402
fuse_uppercase,fuse,write,4,0.000211710
fuse_uppercase,fuse,write,5,0.000180416
fuse_uppercase,fuse,write,6,0.000106004
fuse_uppercase,fuse,write,7,0.000167319
fuse_uppercase,fuse,write,8,0.000162204
fuse_uppercase,fuse,write,9,0.000165893
fuse_uppercase,fuse,write,10,0.000113449
fuse_uppercase,fuse,write,11,0.000141396
fuse_uppercase,fuse,write,12,0.000186854
fuse_uppercase,fuse,write,13,0.000190065
fuse_uppercase,fuse,write,14,0.000103449
fuse_uppercase,fuse,write,15,0.000192302
fuse_uppercase,fuse,write,16,0.000109255
fuse_uppercase,fuse,write,17,0.000200836
fuse_uppercase,fuse,write,18,0.000137937
fuse_uppercase,fuse,write,19,0.000116297
fuse_uppercase,fuse,write,20,0.000120904
fuse_uppercase,fuse,write,21,0.000260982
fuse_uppercase,fuse,write,22,0.000114174
fuse_uppercase,fuse,write,23,0.000089884
fuse_uppercase,fuse,write,24,0.000098820
fuse_uppercase,fuse,write,25,0.000278030
fuse_uppercase,fuse,write,26,0.000176602
fuse_uppercase,fuse,write,27,0.000173117
fuse_uppercase,fuse,write,28,0.000162871
fuse_uppercase,fuse,write,29,0.000092348
fuse_uppercase,fuse,write,30,0.000126475
fuse_uppercase,fuse,write,31,0.000230525
fuse_uppercase,fuse,write,32,0.000099582
fuse_uppercase,fuse,write,33,0.000159993
fuse_uppercase,fuse,write,34,0.000168180
fuse_uppercase,fuse,write,35,0.000193250
fuse_uppercase,fuse,write,36,0.001867595
fuse_uppercase,fuse,write,37,0.000116756
fuse_uppercase,fuse,write,38,0.000133094
fuse_uppercase,fuse,write,39,0.000163629
fuse_uppercase,fuse,write,40,0.000124378
fuse_uppercase,fuse,write,41,0.000130741
fuse_uppercase,fuse,write,42,0.000152967
fuse_uppercase,fuse,write,43,0.000183188
fuse_uppercase,fuse,write,44,0.000176975
fuse_uppercase,fuse,write,45,0.000108222
fuse_uppercase,fuse,write,46,0.000187528
fuse_uppercase,fuse,write,47,0.000133387
fuse_uppercase,fuse,write,48,0.000171208
fuse_uppercase,fuse,write,49,0.000081773
fuse_uppercase,fuse,write,50,0.000108042
fuse_uppercase,fuse,getattr,1,0.000004121
fuse_uppercase,fuse,getattr,2,0.000001510
fuse_uppercase,fuse,getattr,3,0.000001556
fuse_uppercase,fuse,getattr,4,0.000001397
fuse_uppercase,fuse,getattr,5,0.000001548
fuse_uppercase,fuse,getattr,6,0.000001494
fuse_uppercase,fuse,getattr,7,0.000001498
fuse_uppercase,fuse,getattr,8,0.000001545
fuse_uppercase,fuse,getattr,9,0.000001495
fuse_uppercase,fuse,getattr,10,0.000001548
fuse_uppercase,fuse,getattr,11,0.000001489
fuse_uppercase,fuse,getattr,12,0.000001523
fuse_uppercase,fuse,getattr,13,0.000001892
fuse_uppercase,fuse,getattr,14,0.000001443
fuse_uppercase,fuse,getattr,15,0.000001406
fuse_uppercase,fuse,getattr,16,0.000001513
fuse_uppercase,fuse,getattr,17,0.000001469
fuse_uppercase,fuse,getattr,18,0.000001457
fuse_uppercase,fuse,getattr,19,0.000001500
fuse_uppercase,fuse,getattr,20,0.000001524
fuse_uppercase,fuse,getattr,21,0.000001479
fuse_uppercase,fuse,getattr,22,0.000001476
fuse_uppercase,fuse,getattr,23,0.000001596
fuse_uppercase,fuse,getattr,24,0.000001571
fuse_uppercase,fuse,getattr,25,0.000001499
fuse_uppercase,fuse,getattr,26,0.000001373
fuse_uppercase,fuse,getattr,27,0.000001658
fuse_uppercase,fuse,getattr,28,0.000001454
fuse_uppercase,fuse,getattr,29,0.000002525
fuse_uppercase,fuse,getattr,30,0.000001487
fuse_uppercase,fuse,getattr,31,0.000001486
fuse_uppercase,fuse,getattr,32,0.000001612
fuse_uppercase,fuse,getattr,33,0.000001459
fuse_uppercase,fuse,getattr,34,0.000001534
fuse_uppercase,fuse,getattr,35,0.000001656
fuse_uppercase,fuse,getattr,36,0.000001450
fuse_uppercase,fuse,getattr,37,0.000001531
fuse_uppercase,fuse,getattr,38,0.000001495
fuse_uppercase,fuse,getattr,39,0.000001457
fuse_uppercase,fuse,getattr,40,0.000001573
fuse_uppercase,fuse,getattr,41,0.000001502
fuse_uppercase,fuse,getattr,42,0.000001486
fuse_uppercase,fuse,getattr,43,0.000001642
fuse_uppercase,fuse,getattr,44,0.000001405
fuse_uppercase,fuse,getattr,45,0.000004612
fuse_uppercase,fuse,getattr,46,0.000001606
fuse_uppercase,fuse,getattr,47,0.000001627
fuse_uppercase,fuse,getattr,48,0.000001552
fuse_uppercase,fuse,getattr,49,0.000001524
fuse_uppercase,fuse,getattr,50,0.000001569
